id,title,slug,link,topic,pattern,difficulty,companies,sources,is_design,real_life
1,Two Sum,two-sum,https://leetcode.com/problems/two-sum/,Arrays,Hashing,Easy,"Amazon, Google, Microsoft, Meta, Adobe, Bloomberg","Blind 75, NeetCode 150, Striver SDE, Fresher classic",false,Expense apps like Splitwise find two payments that add up to a bill amount.
2,Contains Duplicate,contains-duplicate,https://leetcode.com/problems/contains-duplicate/,Arrays,Hashing,Easy,"Amazon, Adobe, Apple","Blind 75, NeetCode 150, Fresher classic",false,Sign-up forms check if an email or username is already taken.
3,Best Time to Buy and Sell Stock,best-time-to-buy-and-sell-stock,https://leetcode.com/problems/best-time-to-buy-and-sell-stock/,Arrays,Arrays,Easy,"Amazon, Meta, Microsoft, Google, Goldman Sachs","Blind 75, NeetCode 150, Striver SDE, Fresher classic",false,Trading apps like Zerodha show the best day to buy and sell on a price chart.
4,Maximum Subarray,maximum-subarray,https://leetcode.com/problems/maximum-subarray/,Arrays,Arrays,Medium,"Amazon, Microsoft, Apple, LinkedIn","Blind 75, NeetCode 150, Striver SDE, Fresher classic",false,Sales reports find the best stretch of days for total profit (Kadane's algorithm).
5,Product of Array Except Self,product-of-array-except-self,https://leetcode.com/problems/product-of-array-except-self/,Arrays,Arrays,Medium,"Amazon, Meta, Apple, Microsoft","Blind 75, NeetCode 150",false,"Analytics dashboards show a value for 'everyone except this one', like a team score without one player."
6,Maximum Product Subarray,maximum-product-subarray,https://leetcode.com/problems/maximum-product-subarray/,Arrays,Arrays,Medium,"Amazon, Microsoft, LinkedIn","Blind 75, NeetCode 150, Striver SDE",false,Finance tools find the best run of growth rates that multiply together.
7,Majority Element,majority-element,https://leetcode.com/problems/majority-element/,Arrays,Hashing,Easy,"Amazon, Google, Adobe","Striver SDE, Fresher classic",false,Voting systems find the candidate who got more than half the votes.
8,Majority Element II,majority-element-ii,https://leetcode.com/problems/majority-element-ii/,Arrays,Hashing,Medium,"Amazon, Google",Striver SDE,false,Finding every option that got more than one-third of poll votes.
9,Longest Consecutive Sequence,longest-consecutive-sequence,https://leetcode.com/problems/longest-consecutive-sequence/,Arrays,Hashing,Medium,"Google, Amazon, Meta","Blind 75, NeetCode 150, Striver SDE",false,Fitness apps find your longest run of consecutive active days.
10,Valid Sudoku,valid-sudoku,https://leetcode.com/problems/valid-sudoku/,Arrays,Hashing,Medium,"Amazon, Apple, Uber",NeetCode 150,false,"Sudoku apps check each move against its row, column and box."
11,Top K Frequent Elements,top-k-frequent-elements,https://leetcode.com/problems/top-k-frequent-elements/,Arrays,Hashing,Medium,"Amazon, Meta, Google","Blind 75, NeetCode 150, Striver SDE",false,Twitter/X 'Trending' shows the K most used hashtags.
12,Subarray Sum Equals K,subarray-sum-equals-k,https://leetcode.com/problems/subarray-sum-equals-k/,Arrays,Hashing,Medium,"Meta, Amazon, Google",Striver SDE,false,"Finding a run of transactions that adds up to an exact amount, used in audits."
13,Sort Colors,sort-colors,https://leetcode.com/problems/sort-colors/,Arrays,Two Pointers,Medium,"Microsoft, Amazon, Adobe","Striver SDE, Fresher classic",false,"Sorting items into three bins in one pass, like low / medium / high priority tickets."
14,Next Permutation,next-permutation,https://leetcode.com/problems/next-permutation/,Arrays,Arrays,Medium,"Google, Amazon, Microsoft",Striver SDE,false,Tools that list every arrangement in dictionary order use this to get the next one.
15,Pascal's Triangle,pascals-triangle,https://leetcode.com/problems/pascals-triangle/,Arrays,Arrays,Easy,"Amazon, Adobe, Apple","Striver SDE, Fresher classic",false,Probability calculators use it to count combinations (nCr).
16,Set Matrix Zeroes,set-matrix-zeroes,https://leetcode.com/problems/set-matrix-zeroes/,Matrix,Arrays,Medium,"Amazon, Microsoft, Meta","Blind 75, NeetCode 150, Striver SDE",false,Spreadsheets clearing a whole row and column when one cell is marked invalid.
17,Rotate Image,rotate-image,https://leetcode.com/problems/rotate-image/,Matrix,Arrays,Medium,"Amazon, Microsoft, Apple","Blind 75, NeetCode 150, Striver SDE",false,Photo apps rotating a picture by 90 degrees in place.
18,Spiral Matrix,spiral-matrix,https://leetcode.com/problems/spiral-matrix/,Matrix,Arrays,Medium,"Amazon, Microsoft, Google","Blind 75, NeetCode 150",false,LED display animations and some image scanners read a grid in a spiral.
19,Merge Sorted Array,merge-sorted-array,https://leetcode.com/problems/merge-sorted-array/,Arrays,Two Pointers,Easy,"Amazon, Microsoft, Meta, Bloomberg","Striver SDE, Fresher classic",false,Merging two sorted contact lists into one.
20,Find the Duplicate Number,find-the-duplicate-number,https://leetcode.com/problems/find-the-duplicate-number/,Arrays,Two Pointers,Medium,"Amazon, Microsoft, Google, Bloomberg","NeetCode 150, Striver SDE",false,Finding one repeated order ID in a list without extra memory.
21,Move Zeroes,move-zeroes,https://leetcode.com/problems/move-zeroes/,Arrays,Two Pointers,Easy,"Meta, Amazon, Bloomberg",Fresher classic,false,"Pushing empty slots to the end, like closing gaps in a photo grid."
22,Remove Duplicates from Sorted Array,remove-duplicates-from-sorted-array,https://leetcode.com/problems/remove-duplicates-from-sorted-array/,Arrays,Two Pointers,Easy,"Amazon, Microsoft, Meta","Striver SDE, Fresher classic",false,Cleaning duplicate rows from a sorted Excel export.
23,Rotate Array,rotate-array,https://leetcode.com/problems/rotate-array/,Arrays,Arrays,Medium,"Amazon, Microsoft",Fresher classic,false,Website carousels and image sliders rotate items by k positions.
24,Missing Number,missing-number,https://leetcode.com/problems/missing-number/,Arrays,Arrays,Easy,"Amazon, Microsoft","Blind 75, Fresher classic",false,Finding the missing roll number in a class attendance list.
25,Single Number,single-number,https://leetcode.com/problems/single-number/,Arrays,Bit Manipulation,Easy,"Amazon, Adobe","NeetCode 150, Fresher classic",false,XOR tricks like this are used in error checks and RAID storage parity.
26,Intersection of Two Arrays,intersection-of-two-arrays,https://leetcode.com/problems/intersection-of-two-arrays/,Arrays,Hashing,Easy,"Amazon, Meta",Fresher classic,false,Showing 'mutual friends' between two users.
27,Find All Numbers Disappeared in an Array,find-all-numbers-disappeared-in-an-array,https://leetcode.com/problems/find-all-numbers-disappeared-in-an-array/,Arrays,Arrays,Easy,"Amazon, Google",Fresher classic,false,Finding which seat numbers were never booked.
28,First Missing Positive,first-missing-positive,https://leetcode.com/problems/first-missing-positive/,Arrays,Arrays,Hard,"Amazon, Microsoft, Google",NeetCode 150,false,Giving a new user the smallest free ID number.
29,Range Sum Query - Immutable,range-sum-query-immutable,https://leetcode.com/problems/range-sum-query-immutable/,Arrays,Arrays,Easy,"Amazon, Meta",Fresher classic,false,Analytics apps answer 'total sales from day X to day Y' instantly using prefix sums.
30,Gas Station,gas-station,https://leetcode.com/problems/gas-station/,Arrays,Greedy,Medium,"Amazon, Google",NeetCode 150,false,Planning a road trip so you never run out of fuel between petrol pumps.
31,Jump Game,jump-game,https://leetcode.com/problems/jump-game/,Arrays,Greedy,Medium,"Amazon, Microsoft","Blind 75, NeetCode 150",false,Checking if a game level can be finished with the jumps available.
32,Jump Game II,jump-game-ii,https://leetcode.com/problems/jump-game-ii/,Arrays,Greedy,Medium,"Amazon, Google",NeetCode 150,false,"Finding the fewest hops to the end, like the fewest flight changes."
33,Partition Labels,partition-labels,https://leetcode.com/problems/partition-labels/,Strings,Greedy,Medium,Amazon,NeetCode 150,false,Splitting a log file into chunks so each user appears in only one chunk.
34,Assign Cookies,assign-cookies,https://leetcode.com/problems/assign-cookies/,Arrays,Greedy,Easy,Amazon,Fresher classic,false,Matching the smallest packs to the smallest orders so the most orders are filled.
35,Hand of Straights,hand-of-straights,https://leetcode.com/problems/hand-of-straights/,Arrays,Greedy,Medium,Google,NeetCode 150,false,Card games check if a hand can be split into runs like 3-4-5.
36,4Sum,4sum,https://leetcode.com/problems/4sum/,Arrays,Two Pointers,Medium,Amazon,Striver SDE,false,Finding four items whose prices add to an exact budget.
37,Valid Anagram,valid-anagram,https://leetcode.com/problems/valid-anagram/,Strings,Hashing,Easy,"Amazon, Bloomberg, Microsoft","Blind 75, NeetCode 150, Striver SDE, Fresher classic",false,Word games like Scrabble helpers check if two words use the same letters.
38,Group Anagrams,group-anagrams,https://leetcode.com/problems/group-anagrams/,Strings,Hashing,Medium,"Amazon, Meta, Google, Bloomberg","Blind 75, NeetCode 150",false,Word-game apps group words made of the same letters.
39,Valid Palindrome,valid-palindrome,https://leetcode.com/problems/valid-palindrome/,Strings,Two Pointers,Easy,"Meta, Microsoft, Amazon","Blind 75, NeetCode 150, Fresher classic",false,Text tools and word games check if a phrase reads the same both ways.
40,Reverse String,reverse-string,https://leetcode.com/problems/reverse-string/,Strings,Two Pointers,Easy,"Amazon, Microsoft",Fresher classic,false,"The base of many text tricks, like reversing a name for display."
41,Reverse Words in a String,reverse-words-in-a-string,https://leetcode.com/problems/reverse-words-in-a-string/,Strings,Strings,Medium,"Microsoft, Amazon","Striver SDE, Fresher classic",false,Reformatting names like 'Sharma Astha' to 'Astha Sharma'.
42,Longest Common Prefix,longest-common-prefix,https://leetcode.com/problems/longest-common-prefix/,Strings,Strings,Easy,"Amazon, Google, Adobe","Striver SDE, Fresher classic",false,Autocomplete finds the shared start of words you might be typing.
43,String to Integer (atoi),string-to-integer-atoi,https://leetcode.com/problems/string-to-integer-atoi/,Strings,Strings,Medium,"Amazon, Microsoft, Meta","Striver SDE, Fresher classic",false,Forms convert typed text like ' -42' into a real number.
44,Find the Index of the First Occurrence in a String,find-the-index-of-the-first-occurrence-in-a-string,https://leetcode.com/problems/find-the-index-of-the-first-occurrence-in-a-string/,Strings,Strings,Easy,"Meta, Amazon, Microsoft",Fresher classic,false,Ctrl+F in your browser finds a word inside a page.
45,Longest Palindromic Substring,longest-palindromic-substring,https://leetcode.com/problems/longest-palindromic-substring/,Strings,Strings,Medium,"Amazon, Microsoft","Blind 75, NeetCode 150, Striver SDE",false,DNA analysis tools look for palindromic sequences.
46,Palindromic Substrings,palindromic-substrings,https://leetcode.com/problems/palindromic-substrings/,Strings,Strings,Medium,"Meta, Amazon","Blind 75, NeetCode 150",false,Text and DNA analysis count mirror-like patterns.
47,Roman to Integer,roman-to-integer,https://leetcode.com/problems/roman-to-integer/,Strings,Hashing,Easy,"Amazon, Microsoft, Adobe","Striver SDE, Fresher classic",false,Reading chapter numbers or clock faces written in Roman numerals.
48,Integer to Roman,integer-to-roman,https://leetcode.com/problems/integer-to-roman/,Strings,Strings,Medium,Amazon,Striver SDE,false,Writing years in movie credits like MMXXVI.
49,Isomorphic Strings,isomorphic-strings,https://leetcode.com/problems/isomorphic-strings/,Strings,Hashing,Easy,"Amazon, Google",Fresher classic,false,Simple substitution ciphers map each letter to another letter.
50,Count and Say,count-and-say,https://leetcode.com/problems/count-and-say/,Strings,Strings,Medium,Amazon,Striver SDE,false,Shows the idea behind run-length compression.
51,String Compression,string-compression,https://leetcode.com/problems/string-compression/,Strings,Two Pointers,Medium,"Amazon, Microsoft",Fresher classic,false,Run-length encoding saves space in simple image formats.
52,Add Binary,add-binary,https://leetcode.com/problems/add-binary/,Strings,Bit Manipulation,Easy,"Meta, Amazon",Fresher classic,false,How a computer adds two numbers bit by bit.
53,Multiply Strings,multiply-strings,https://leetcode.com/problems/multiply-strings/,Strings,Strings,Medium,"Meta, Amazon",NeetCode 150,false,Big-number calculators multiply very long numbers digit by digit.
54,Repeated DNA Sequences,repeated-dna-sequences,https://leetcode.com/problems/repeated-dna-sequences/,Strings,Hashing,Medium,"Amazon, LinkedIn",Striver SDE,false,"Genome tools find DNA patterns that repeat (rolling hash, like Rabin-Karp)."
55,Decode String,decode-string,https://leetcode.com/problems/decode-string/,Strings,Stack / Queue,Medium,"Amazon, Google",Fresher classic,false,Template engines expand repeated patterns like 3[ab] into ababab.
56,Two Sum II - Input Array Is Sorted,two-sum-ii-input-array-is-sorted,https://leetcode.com/problems/two-sum-ii-input-array-is-sorted/,Arrays,Two Pointers,Medium,Amazon,NeetCode 150,false,Finding two products that exactly match a gift card value.
57,3Sum,3sum,https://leetcode.com/problems/3sum/,Arrays,Two Pointers,Medium,"Meta, Amazon, Microsoft, Google","Blind 75, NeetCode 150, Striver SDE",false,Fraud checks look for three transactions that cancel each other out.
58,Container With Most Water,container-with-most-water,https://leetcode.com/problems/container-with-most-water/,Arrays,Two Pointers,Medium,"Amazon, Google","Blind 75, NeetCode 150",false,"Choosing the best pair from both ends, like the widest gap that fits a load."
59,Trapping Rain Water,trapping-rain-water,https://leetcode.com/problems/trapping-rain-water/,Arrays,Two Pointers,Hard,"Amazon, Google, Goldman Sachs","NeetCode 150, Striver SDE",false,Flood maps estimate how much water a landscape can hold.
60,Squares of a Sorted Array,squares-of-a-sorted-array,https://leetcode.com/problems/squares-of-a-sorted-array/,Arrays,Two Pointers,Easy,"Meta, Amazon",Fresher classic,false,Sorting sensor readings that have both negative and positive values.
61,Boats to Save People,boats-to-save-people,https://leetcode.com/problems/boats-to-save-people/,Arrays,Two Pointers,Medium,Amazon,Fresher classic,false,Pairing riders on two-seat rides without crossing a weight limit.
62,Longest Substring Without Repeating Characters,longest-substring-without-repeating-characters,https://leetcode.com/problems/longest-substring-without-repeating-characters/,Strings,Sliding Window,Medium,"Amazon, Meta, Google, Bloomberg, Microsoft","Blind 75, NeetCode 150, Striver SDE",false,Music apps find the longest stretch of a playlist where no song repeats.
63,Longest Repeating Character Replacement,longest-repeating-character-replacement,https://leetcode.com/problems/longest-repeating-character-replacement/,Strings,Sliding Window,Medium,"Google, Amazon","Blind 75, NeetCode 150",false,DNA tools find long runs that differ by only a few letters.
64,Permutation in String,permutation-in-string,https://leetcode.com/problems/permutation-in-string/,Strings,Sliding Window,Medium,"Microsoft, Amazon",NeetCode 150,false,Plagiarism checkers look for scrambled copies of a phrase.
65,Minimum Window Substring,minimum-window-substring,https://leetcode.com/problems/minimum-window-substring/,Strings,Sliding Window,Hard,"Meta, Amazon, LinkedIn, Google","Blind 75, NeetCode 150",false,Search results show the shortest snippet that contains all your search words.
66,Sliding Window Maximum,sliding-window-maximum,https://leetcode.com/problems/sliding-window-maximum/,Arrays,Sliding Window,Hard,"Amazon, Google","NeetCode 150, Striver SDE",false,Stock charts show the highest price in every 7-day window.
67,Maximum Average Subarray I,maximum-average-subarray-i,https://leetcode.com/problems/maximum-average-subarray-i/,Arrays,Sliding Window,Easy,"Goldman Sachs, Amazon",Fresher classic,false,Fitness apps find your best 7-day average steps.
68,Minimum Size Subarray Sum,minimum-size-subarray-sum,https://leetcode.com/problems/minimum-size-subarray-sum/,Arrays,Sliding Window,Medium,"Goldman Sachs, Amazon, Meta",Fresher classic,false,Finding the fewest days needed to reach a sales target.
69,Fruit Into Baskets,fruit-into-baskets,https://leetcode.com/problems/fruit-into-baskets/,Arrays,Sliding Window,Medium,"Google, Amazon",Fresher classic,false,Longest stretch you can cover using at most two kinds of items.
70,Max Consecutive Ones III,max-consecutive-ones-iii,https://leetcode.com/problems/max-consecutive-ones-iii/,Arrays,Sliding Window,Medium,"Meta, Amazon",Striver SDE,false,Network tools find the longest uptime if k short drops are ignored.
71,Find All Anagrams in a String,find-all-anagrams-in-a-string,https://leetcode.com/problems/find-all-anagrams-in-a-string/,Strings,Sliding Window,Medium,"Amazon, Meta",Fresher classic,false,Word-search games find hidden scrambled words in a line of text.
72,Binary Search,binary-search,https://leetcode.com/problems/binary-search/,Arrays,Binary Search,Easy,"Amazon, Microsoft","NeetCode 150, Fresher classic",false,'git bisect' finds the commit that broke your code by halving the history.
73,Search Insert Position,search-insert-position,https://leetcode.com/problems/search-insert-position/,Arrays,Binary Search,Easy,"Amazon, Google",Fresher classic,false,Putting a new contact into a sorted list at the right spot.
74,First Bad Version,first-bad-version,https://leetcode.com/problems/first-bad-version/,Arrays,Binary Search,Easy,"Meta, Amazon, Microsoft",Fresher classic,false,Finding the first app release that introduced a bug.
75,Find First and Last Position of Element in Sorted Array,find-first-and-last-position-of-element-in-sorted-array,https://leetcode.com/problems/find-first-and-last-position-of-element-in-sorted-array/,Arrays,Binary Search,Medium,"Meta, Amazon, LinkedIn",Striver SDE,false,Finding all orders from one date in a sorted order list.
76,Search in Rotated Sorted Array,search-in-rotated-sorted-array,https://leetcode.com/problems/search-in-rotated-sorted-array/,Arrays,Binary Search,Medium,"Meta, Amazon, Microsoft, LinkedIn","Blind 75, NeetCode 150, Striver SDE",false,Searching circular log buffers that have wrapped around.
77,Find Minimum in Rotated Sorted Array,find-minimum-in-rotated-sorted-array,https://leetcode.com/problems/find-minimum-in-rotated-sorted-array/,Arrays,Binary Search,Medium,"Amazon, Microsoft","Blind 75, NeetCode 150",false,Finding where a circular log buffer starts.
78,Search a 2D Matrix,search-a-2d-matrix,https://leetcode.com/problems/search-a-2d-matrix/,Matrix,Binary Search,Medium,"Amazon, Microsoft","NeetCode 150, Striver SDE",false,"Looking up a value in a sorted table, like a seat chart."
79,Koko Eating Bananas,koko-eating-bananas,https://leetcode.com/problems/koko-eating-bananas/,Arrays,Binary Search,Medium,"Amazon, Google, Meta",NeetCode 150,false,Choosing the slowest delivery speed that still meets the deadline.
80,Sqrt(x),sqrtx,https://leetcode.com/problems/sqrtx/,Math,Binary Search,Easy,"Amazon, Microsoft, Bloomberg",Fresher classic,false,Calculators find square roots by guessing and halving the range.
81,Find Peak Element,find-peak-element,https://leetcode.com/problems/find-peak-element/,Arrays,Binary Search,Medium,"Meta, Google, Amazon",Striver SDE,false,Finding a local high point in a signal or price chart.
82,Median of Two Sorted Arrays,median-of-two-sorted-arrays,https://leetcode.com/problems/median-of-two-sorted-arrays/,Arrays,Binary Search,Hard,"Amazon, Google, Microsoft","NeetCode 150, Striver SDE",false,Combining two sorted score lists to find the middle score fast.
83,Capacity To Ship Packages Within D Days,capacity-to-ship-packages-within-d-days,https://leetcode.com/problems/capacity-to-ship-packages-within-d-days/,Arrays,Binary Search,Medium,Amazon,Striver SDE,false,Picking the smallest truck size that still ships every order on time.
84,Single Element in a Sorted Array,single-element-in-a-sorted-array,https://leetcode.com/problems/single-element-in-a-sorted-array/,Arrays,Binary Search,Medium,Amazon,Striver SDE,false,Finding the one unpaired record in sorted data.
85,Magnetic Force Between Two Balls,magnetic-force-between-two-balls,https://leetcode.com/problems/magnetic-force-between-two-balls/,Arrays,Binary Search,Medium,"Amazon, Google",Striver SDE,false,Placing Wi-Fi routers as far apart as possible (like 'Aggressive Cows').
86,Sort an Array,sort-an-array,https://leetcode.com/problems/sort-an-array/,Arrays,Sorting,Medium,"Amazon, Microsoft",Fresher classic,true,Every app's 'Sort by' button. Implement merge sort and quick sort yourself here.
87,Merge Intervals,merge-intervals,https://leetcode.com/problems/merge-intervals/,Arrays,Sorting,Medium,"Amazon, Google, Meta","Blind 75, NeetCode 150, Striver SDE",false,Google Calendar merges overlapping meetings to show when you are busy or free.
88,Insert Interval,insert-interval,https://leetcode.com/problems/insert-interval/,Arrays,Sorting,Medium,"Google, Amazon, LinkedIn","Blind 75, NeetCode 150",false,Adding a new meeting to a calendar and merging any overlaps.
89,Non-overlapping Intervals,non-overlapping-intervals,https://leetcode.com/problems/non-overlapping-intervals/,Arrays,Sorting,Medium,"Amazon, Google","Blind 75, NeetCode 150",false,Cancelling the fewest bookings so no meetings in a room clash.
90,Minimum Number of Arrows to Burst Balloons,minimum-number-of-arrows-to-burst-balloons,https://leetcode.com/problems/minimum-number-of-arrows-to-burst-balloons/,Arrays,Sorting,Medium,Amazon,Fresher classic,false,Fewest checkpoints needed to cover many overlapping time ranges.
91,Largest Number,largest-number,https://leetcode.com/problems/largest-number/,Arrays,Sorting,Medium,"Amazon, Microsoft",Fresher classic,false,Arranging numbers with a custom sort rule to form the biggest value.
92,Sort Characters By Frequency,sort-characters-by-frequency,https://leetcode.com/problems/sort-characters-by-frequency/,Strings,Sorting,Medium,"Amazon, Google",Fresher classic,false,Compression (Huffman coding) starts by sorting letters by how often they appear.
93,Reverse Pairs,reverse-pairs,https://leetcode.com/problems/reverse-pairs/,Arrays,Sorting,Hard,"Google, Amazon",Striver SDE,false,"Counting inversions measures how different two rankings are, used in recommendations."
94,Car Pooling,car-pooling,https://leetcode.com/problems/car-pooling/,Arrays,Sorting,Medium,Amazon,Fresher classic,false,Ride-sharing apps check if a car has seats for every pickup on a route.
95,H-Index,h-index,https://leetcode.com/problems/h-index/,Arrays,Sorting,Medium,Google,Fresher classic,false,Google Scholar calculates a researcher's h-index this way.
96,Reverse Linked List,reverse-linked-list,https://leetcode.com/problems/reverse-linked-list/,Linked List,Linked List,Easy,"Amazon, Microsoft, Apple, Meta","Blind 75, NeetCode 150, Striver SDE, Fresher classic",false,Turning undo history into redo order.
97,Merge Two Sorted Lists,merge-two-sorted-lists,https://leetcode.com/problems/merge-two-sorted-lists/,Linked List,Linked List,Easy,"Amazon, Microsoft, Apple","Blind 75, NeetCode 150, Striver SDE, Fresher classic",false,Merging two sorted feeds into one timeline.
98,Linked List Cycle,linked-list-cycle,https://leetcode.com/problems/linked-list-cycle/,Linked List,Linked List,Easy,"Amazon, Microsoft","Blind 75, NeetCode 150, Striver SDE, Fresher classic",false,"Detecting endless loops, like a chain of web redirects."
99,Linked List Cycle II,linked-list-cycle-ii,https://leetcode.com/problems/linked-list-cycle-ii/,Linked List,Linked List,Medium,"Amazon, Microsoft",Striver SDE,false,Finding exactly where a redirect loop starts.
100,Middle of the Linked List,middle-of-the-linked-list,https://leetcode.com/problems/middle-of-the-linked-list/,Linked List,Linked List,Easy,Amazon,"Striver SDE, Fresher classic",false,"Finding the middle of a playlist in one pass, without counting first."
101,Remove Nth Node From End of List,remove-nth-node-from-end-of-list,https://leetcode.com/problems/remove-nth-node-from-end-of-list/,Linked List,Linked List,Medium,"Amazon, Meta","Blind 75, NeetCode 150, Striver SDE",false,Deleting the 3rd-last item from a history list in one pass.
102,Reorder List,reorder-list,https://leetcode.com/problems/reorder-list/,Linked List,Linked List,Medium,"Amazon, Meta","Blind 75, NeetCode 150",false,"Interleaving items from both ends, like dealing cards first-last-first-last."
103,Add Two Numbers,add-two-numbers,https://leetcode.com/problems/add-two-numbers/,Linked List,Linked List,Medium,"Amazon, Microsoft, Bloomberg","NeetCode 150, Striver SDE",false,"Big-number libraries add digit by digit, like long addition on paper."
104,Copy List with Random Pointer,copy-list-with-random-pointer,https://leetcode.com/problems/copy-list-with-random-pointer/,Linked List,Linked List,Medium,"Amazon, Microsoft, Meta","NeetCode 150, Striver SDE",false,"Deep-copying objects that point to each other, like duplicating a doc with links."
105,Palindrome Linked List,palindrome-linked-list,https://leetcode.com/problems/palindrome-linked-list/,Linked List,Linked List,Easy,"Amazon, Microsoft, Meta","Striver SDE, Fresher classic",false,Checking if a sequence reads the same forwards and backwards.
106,Intersection of Two Linked Lists,intersection-of-two-linked-lists,https://leetcode.com/problems/intersection-of-two-linked-lists/,Linked List,Linked List,Easy,"Amazon, Microsoft","Striver SDE, Fresher classic",false,Finding where two git branches meet (the merge base).
107,Remove Duplicates from Sorted List,remove-duplicates-from-sorted-list,https://leetcode.com/problems/remove-duplicates-from-sorted-list/,Linked List,Linked List,Easy,Amazon,Fresher classic,false,Cleaning repeated entries out of a sorted log.
108,Odd Even Linked List,odd-even-linked-list,https://leetcode.com/problems/odd-even-linked-list/,Linked List,Linked List,Medium,"Amazon, Microsoft",Fresher classic,false,Splitting items into two groups while keeping their order.
109,Rotate List,rotate-list,https://leetcode.com/problems/rotate-list/,Linked List,Linked List,Medium,Amazon,Striver SDE,false,Rotating the turn order in a multiplayer game.
110,Sort List,sort-list,https://leetcode.com/problems/sort-list/,Linked List,Sorting,Medium,"Amazon, Meta",Fresher classic,false,"Sorting records stored as a chain, using merge sort."
111,Reverse Nodes in k-Group,reverse-nodes-in-k-group,https://leetcode.com/problems/reverse-nodes-in-k-group/,Linked List,Linked List,Hard,"Amazon, Microsoft","NeetCode 150, Striver SDE",false,Reordering data packets in fixed-size blocks.
112,Flatten a Multilevel Doubly Linked List,flatten-a-multilevel-doubly-linked-list,https://leetcode.com/problems/flatten-a-multilevel-doubly-linked-list/,Linked List,Linked List,Medium,"Amazon, Microsoft",Striver SDE,false,Turning nested comment threads into one flat list.
113,Design Linked List,design-linked-list,https://leetcode.com/problems/design-linked-list/,Linked List,Design,Medium,"Amazon, Microsoft",Fresher classic,true,How a music player's playlist with next and previous works.
114,Valid Parentheses,valid-parentheses,https://leetcode.com/problems/valid-parentheses/,Stack / Queue,Stack / Queue,Easy,"Amazon, Microsoft, Google, Meta, Bloomberg","Blind 75, NeetCode 150, Striver SDE, Fresher classic",false,VS Code highlights a missing bracket this way. JSON and HTML parsers do the same.
115,Min Stack,min-stack,https://leetcode.com/problems/min-stack/,Stack / Queue,Design,Medium,"Amazon, Microsoft, Bloomberg","NeetCode 150, Striver SDE, Fresher classic",true,Stock apps showing the lowest price so far while prices are added and removed.
116,Implement Queue using Stacks,implement-queue-using-stacks,https://leetcode.com/problems/implement-queue-using-stacks/,Stack / Queue,Design,Easy,"Amazon, Microsoft","Striver SDE, Fresher classic",true,Building a message queue from simpler parts.
117,Implement Stack using Queues,implement-stack-using-queues,https://leetcode.com/problems/implement-stack-using-queues/,Stack / Queue,Design,Easy,"Amazon, Microsoft","Striver SDE, Fresher classic",true,Building an undo stack from a simple queue.
118,Design Circular Queue,design-circular-queue,https://leetcode.com/problems/design-circular-queue/,Stack / Queue,Design,Medium,"Amazon, Microsoft",Fresher classic,true,Video streaming buffers and keyboard input buffers are circular queues.
119,Evaluate Reverse Polish Notation,evaluate-reverse-polish-notation,https://leetcode.com/problems/evaluate-reverse-polish-notation/,Stack / Queue,Stack / Queue,Medium,"Amazon, LinkedIn",NeetCode 150,false,Calculators and compilers evaluate expressions this way.
120,Daily Temperatures,daily-temperatures,https://leetcode.com/problems/daily-temperatures/,Stack / Queue,Stack / Queue,Medium,"Amazon, Google, Meta",NeetCode 150,false,Weather apps could show how many days until it gets warmer.
121,Next Greater Element I,next-greater-element-i,https://leetcode.com/problems/next-greater-element-i/,Stack / Queue,Stack / Queue,Easy,Amazon,"Striver SDE, Fresher classic",false,Stock apps find the next day with a higher price.
122,Online Stock Span,online-stock-span,https://leetcode.com/problems/online-stock-span/,Stack / Queue,Design,Medium,Amazon,Striver SDE,true,Stock apps count how many days in a row the price stayed below today's.
123,Car Fleet,car-fleet,https://leetcode.com/problems/car-fleet/,Stack / Queue,Stack / Queue,Medium,Google,NeetCode 150,false,Traffic simulations group cars that catch up with each other.
124,Largest Rectangle in Histogram,largest-rectangle-in-histogram,https://leetcode.com/problems/largest-rectangle-in-histogram/,Stack / Queue,Stack / Queue,Hard,"Amazon, Google, Microsoft","NeetCode 150, Striver SDE",false,"Image tools find the largest blank rectangle, like space for a banner."
125,Asteroid Collision,asteroid-collision,https://leetcode.com/problems/asteroid-collision/,Stack / Queue,Stack / Queue,Medium,Amazon,Fresher classic,false,Game physics resolving collisions in order.
126,Remove All Adjacent Duplicates In String,remove-all-adjacent-duplicates-in-string,https://leetcode.com/problems/remove-all-adjacent-duplicates-in-string/,Strings,Stack / Queue,Easy,Meta,Fresher classic,false,Candy Crush-style games clear matching neighbors.
127,Basic Calculator II,basic-calculator-ii,https://leetcode.com/problems/basic-calculator-ii/,Strings,Stack / Queue,Medium,"Meta, Amazon",Fresher classic,false,Calculator apps solve 3+2*2 with the right order of operations.
128,Simplify Path,simplify-path,https://leetcode.com/problems/simplify-path/,Strings,Stack / Queue,Medium,Meta,Fresher classic,false,Terminals clean paths like /home/../usr/./bin.
129,Fibonacci Number,fibonacci-number,https://leetcode.com/problems/fibonacci-number/,Math,Recursion,Easy,Amazon,Fresher classic,false,"Agile teams estimate tasks with Fibonacci story points (1, 2, 3, 5, 8)."
130,"Pow(x, n)",powx-n,https://leetcode.com/problems/powx-n/,Math,Recursion,Medium,"Amazon, Google, Microsoft","NeetCode 150, Striver SDE",false,Fast power is the core of encryption like RSA.
131,Subsets,subsets,https://leetcode.com/problems/subsets/,Arrays,Recursion,Medium,"Amazon, Meta","NeetCode 150, Striver SDE",false,Food apps listing every combination of toppings or add-ons.
132,Subsets II,subsets-ii,https://leetcode.com/problems/subsets-ii/,Arrays,Recursion,Medium,Amazon,"NeetCode 150, Striver SDE",false,"Same as Subsets, but skipping repeated options."
133,Permutations,permutations,https://leetcode.com/problems/permutations/,Arrays,Recursion,Medium,"Amazon, Microsoft","NeetCode 150, Striver SDE",false,Generating every seating order for guests at a table.
134,Combination Sum,combination-sum,https://leetcode.com/problems/combination-sum/,Arrays,Recursion,Medium,Amazon,"Blind 75, NeetCode 150, Striver SDE",false,Finding note or coin combinations that make an exact amount.
135,Combination Sum II,combination-sum-ii,https://leetcode.com/problems/combination-sum-ii/,Arrays,Recursion,Medium,Amazon,"NeetCode 150, Striver SDE",false,Using each item once to hit an exact budget.
136,Generate Parentheses,generate-parentheses,https://leetcode.com/problems/generate-parentheses/,Strings,Recursion,Medium,"Amazon, Google",NeetCode 150,false,Test tools generate every valid bracket input.
137,Letter Combinations of a Phone Number,letter-combinations-of-a-phone-number,https://leetcode.com/problems/letter-combinations-of-a-phone-number/,Strings,Recursion,Medium,"Amazon, Google",NeetCode 150,false,Old T9 phone keypads turned number presses into words.
138,Word Search,word-search,https://leetcode.com/problems/word-search/,Matrix,Recursion,Medium,"Amazon, Microsoft, Meta","Blind 75, NeetCode 150",false,Word-search and Boggle games find words in a letter grid.
139,Palindrome Partitioning,palindrome-partitioning,https://leetcode.com/problems/palindrome-partitioning/,Strings,Recursion,Medium,Amazon,"NeetCode 150, Striver SDE",false,Text tools split a string into valid pieces.
140,N-Queens,n-queens,https://leetcode.com/problems/n-queens/,Matrix,Recursion,Hard,"Amazon, Microsoft","NeetCode 150, Striver SDE",false,"Scheduling tools place items so none conflict, like exam seating."
141,Sudoku Solver,sudoku-solver,https://leetcode.com/problems/sudoku-solver/,Matrix,Recursion,Hard,"Amazon, Microsoft",Striver SDE,false,Sudoku apps solve puzzles using backtracking.
142,Maximum Depth of Binary Tree,maximum-depth-of-binary-tree,https://leetcode.com/problems/maximum-depth-of-binary-tree/,Trees,Trees,Easy,"Amazon, Microsoft, LinkedIn","Blind 75, NeetCode 150, Striver SDE, Fresher classic",false,Finding how deep a folder structure goes.
143,Invert Binary Tree,invert-binary-tree,https://leetcode.com/problems/invert-binary-tree/,Trees,Trees,Easy,"Google, Amazon","Blind 75, NeetCode 150, Fresher classic",false,Mirroring a layout for right-to-left languages like Arabic or Urdu.
144,Same Tree,same-tree,https://leetcode.com/problems/same-tree/,Trees,Trees,Easy,Amazon,"Blind 75, NeetCode 150",false,Sync tools check if two folder structures are identical.
145,Symmetric Tree,symmetric-tree,https://leetcode.com/problems/symmetric-tree/,Trees,Trees,Easy,"Microsoft, Amazon","Striver SDE, Fresher classic",false,Checking if a design or layout is mirror-symmetric.
146,Binary Tree Inorder Traversal,binary-tree-inorder-traversal,https://leetcode.com/problems/binary-tree-inorder-traversal/,Trees,Trees,Easy,"Amazon, Microsoft","Striver SDE, Fresher classic",false,Reading a search tree in sorted order.
147,Binary Tree Preorder Traversal,binary-tree-preorder-traversal,https://leetcode.com/problems/binary-tree-preorder-traversal/,Trees,Trees,Easy,Amazon,"Striver SDE, Fresher classic",false,"Copying a folder: create the folder first, then its contents."
148,Binary Tree Postorder Traversal,binary-tree-postorder-traversal,https://leetcode.com/problems/binary-tree-postorder-traversal/,Trees,Trees,Easy,Amazon,"Striver SDE, Fresher classic",false,"Deleting a folder: delete the contents first, then the folder."
149,Binary Tree Level Order Traversal,binary-tree-level-order-traversal,https://leetcode.com/problems/binary-tree-level-order-traversal/,Trees,Trees,Medium,"Amazon, Microsoft, Meta, LinkedIn","Blind 75, NeetCode 150, Striver SDE",false,"LinkedIn finds 1st, 2nd and 3rd degree connections level by level."
150,Binary Tree Zigzag Level Order Traversal,binary-tree-zigzag-level-order-traversal,https://leetcode.com/problems/binary-tree-zigzag-level-order-traversal/,Trees,Trees,Medium,"Amazon, Microsoft",Striver SDE,false,Displaying levels in alternating direction.
151,Binary Tree Right Side View,binary-tree-right-side-view,https://leetcode.com/problems/binary-tree-right-side-view/,Trees,Trees,Medium,"Meta, Amazon","NeetCode 150, Striver SDE",false,Showing the last person on each level of an org chart.
152,Diameter of Binary Tree,diameter-of-binary-tree,https://leetcode.com/problems/diameter-of-binary-tree/,Trees,Trees,Easy,"Meta, Amazon, Google","NeetCode 150, Striver SDE",false,Finding the longest path between two routers in a network.
153,Balanced Binary Tree,balanced-binary-tree,https://leetcode.com/problems/balanced-binary-tree/,Trees,Trees,Easy,Amazon,"NeetCode 150, Striver SDE",false,Databases keep their trees balanced so searches stay fast.
154,Subtree of Another Tree,subtree-of-another-tree,https://leetcode.com/problems/subtree-of-another-tree/,Trees,Trees,Easy,"Amazon, Microsoft","Blind 75, NeetCode 150",false,Finding a repeated component inside a bigger web page (HTML tree).
155,Path Sum,path-sum,https://leetcode.com/problems/path-sum/,Trees,Trees,Easy,Amazon,Fresher classic,false,Checking if a route in a decision tree reaches an exact cost.
156,Lowest Common Ancestor of a Binary Tree,lowest-common-ancestor-of-a-binary-tree,https://leetcode.com/problems/lowest-common-ancestor-of-a-binary-tree/,Trees,Trees,Medium,"Meta, Amazon, Microsoft",Striver SDE,false,Finding the nearest common manager of two employees.
157,Lowest Common Ancestor of a Binary Search Tree,lowest-common-ancestor-of-a-binary-search-tree,https://leetcode.com/problems/lowest-common-ancestor-of-a-binary-search-tree/,Trees,Trees,Medium,Amazon,"Blind 75, NeetCode 150, Striver SDE",false,"Same idea, but faster because the tree is sorted."
158,Validate Binary Search Tree,validate-binary-search-tree,https://leetcode.com/problems/validate-binary-search-tree/,Trees,Trees,Medium,"Amazon, Meta, Bloomberg","Blind 75, NeetCode 150, Striver SDE",false,Checking a sorted index is correct before trusting it.
159,Kth Smallest Element in a BST,kth-smallest-element-in-a-bst,https://leetcode.com/problems/kth-smallest-element-in-a-bst/,Trees,Trees,Medium,"Amazon, Google","Blind 75, NeetCode 150, Striver SDE",false,Leaderboards finding the person at rank k.
160,Search in a Binary Search Tree,search-in-a-binary-search-tree,https://leetcode.com/problems/search-in-a-binary-search-tree/,Trees,Trees,Easy,Amazon,"Striver SDE, Fresher classic",false,Searching a sorted index quickly.
161,Insert into a Binary Search Tree,insert-into-a-binary-search-tree,https://leetcode.com/problems/insert-into-a-binary-search-tree/,Trees,Trees,Medium,Amazon,Striver SDE,false,Adding a new word to a dictionary index.
162,Delete Node in a BST,delete-node-in-a-bst,https://leetcode.com/problems/delete-node-in-a-bst/,Trees,Trees,Medium,Amazon,Striver SDE,false,Removing a contact from a sorted index.
163,Convert Sorted Array to Binary Search Tree,convert-sorted-array-to-binary-search-tree,https://leetcode.com/problems/convert-sorted-array-to-binary-search-tree/,Trees,Trees,Easy,Amazon,Fresher classic,false,Building a balanced index from sorted data.
164,Construct Binary Tree from Preorder and Inorder Traversal,construct-binary-tree-from-preorder-and-inorder-traversal,https://leetcode.com/problems/construct-binary-tree-from-preorder-and-inorder-traversal/,Trees,Trees,Medium,"Amazon, Microsoft","Blind 75, NeetCode 150, Striver SDE",false,Rebuilding a tree that was saved as two lists.
165,Flatten Binary Tree to Linked List,flatten-binary-tree-to-linked-list,https://leetcode.com/problems/flatten-binary-tree-to-linked-list/,Trees,Trees,Medium,"Microsoft, Meta",Striver SDE,false,Turning a folder tree into one flat file list.
166,Count Good Nodes in Binary Tree,count-good-nodes-in-binary-tree,https://leetcode.com/problems/count-good-nodes-in-binary-tree/,Trees,Trees,Medium,Microsoft,NeetCode 150,false,Counting record highs along every path.
167,Vertical Order Traversal of a Binary Tree,vertical-order-traversal-of-a-binary-tree,https://leetcode.com/problems/vertical-order-traversal-of-a-binary-tree/,Trees,Trees,Hard,"Amazon, Meta",Striver SDE,false,Drawing a tree column by column on screen.
168,Populating Next Right Pointers in Each Node,populating-next-right-pointers-in-each-node,https://leetcode.com/problems/populating-next-right-pointers-in-each-node/,Trees,Trees,Medium,"Amazon, Microsoft",Striver SDE,false,"Linking items on the same level, like siblings in a UI tree."
169,Binary Tree Maximum Path Sum,binary-tree-maximum-path-sum,https://leetcode.com/problems/binary-tree-maximum-path-sum/,Trees,Trees,Hard,"Amazon, Meta, Google","Blind 75, NeetCode 150, Striver SDE",false,Finding the most profitable route through a tree of choices.
170,Serialize and Deserialize Binary Tree,serialize-and-deserialize-binary-tree,https://leetcode.com/problems/serialize-and-deserialize-binary-tree/,Trees,Design,Hard,"Amazon, Meta, LinkedIn","Blind 75, NeetCode 150, Striver SDE",true,"Saving a tree to a file or sending it over the network, like JSON."
171,Binary Search Tree Iterator,binary-search-tree-iterator,https://leetcode.com/problems/binary-search-tree-iterator/,Trees,Design,Medium,"Meta, Amazon",Striver SDE,true,Paging through sorted results one at a time.
172,Implement Trie (Prefix Tree),implement-trie-prefix-tree,https://leetcode.com/problems/implement-trie-prefix-tree/,Trees,Design,Medium,"Amazon, Google, Microsoft","Blind 75, NeetCode 150, Striver SDE",true,Google search autocomplete and phone keyboard word suggestions.
173,Design Add and Search Words Data Structure,design-add-and-search-words-data-structure,https://leetcode.com/problems/design-add-and-search-words-data-structure/,Trees,Design,Medium,"Meta, Amazon","Blind 75, NeetCode 150",true,"Search with wildcards, like 'c.t' matching cat and cut."
174,Word Search II,word-search-ii,https://leetcode.com/problems/word-search-ii/,Trees,Trees,Hard,"Amazon, Microsoft","Blind 75, NeetCode 150",false,Boggle solvers find many words at once using a Trie.
175,Kth Largest Element in an Array,kth-largest-element-in-an-array,https://leetcode.com/problems/kth-largest-element-in-an-array/,Heap,Heap,Medium,"Amazon, Meta","NeetCode 150, Striver SDE",false,Finding the 10th highest score without sorting everything.
176,Kth Largest Element in a Stream,kth-largest-element-in-a-stream,https://leetcode.com/problems/kth-largest-element-in-a-stream/,Heap,Design,Easy,Amazon,NeetCode 150,true,Live leaderboards tracking the top k scores.
177,Last Stone Weight,last-stone-weight,https://leetcode.com/problems/last-stone-weight/,Heap,Heap,Easy,Amazon,NeetCode 150,false,Simulations that always handle the biggest item first.
178,K Closest Points to Origin,k-closest-points-to-origin,https://leetcode.com/problems/k-closest-points-to-origin/,Heap,Heap,Medium,"Amazon, Meta",NeetCode 150,false,Swiggy or Zomato showing the K nearest restaurants.
179,Task Scheduler,task-scheduler,https://leetcode.com/problems/task-scheduler/,Heap,Heap,Medium,"Meta, Amazon",NeetCode 150,false,Job schedulers spacing out repeated tasks with a cooldown.
180,Top K Frequent Words,top-k-frequent-words,https://leetcode.com/problems/top-k-frequent-words/,Heap,Heap,Medium,"Amazon, Bloomberg",Fresher classic,false,Search trends: the most searched words today.
181,Merge k Sorted Lists,merge-k-sorted-lists,https://leetcode.com/problems/merge-k-sorted-lists/,Heap,Heap,Hard,"Amazon, Meta, Google","Blind 75, NeetCode 150, Striver SDE",false,Merging sorted results from many servers into one list.
182,Find Median from Data Stream,find-median-from-data-stream,https://leetcode.com/problems/find-median-from-data-stream/,Heap,Design,Hard,"Amazon, Microsoft, Google","Blind 75, NeetCode 150, Striver SDE",true,Live dashboards showing median delivery time as orders arrive.
183,Reorganize String,reorganize-string,https://leetcode.com/problems/reorganize-string/,Heap,Heap,Medium,"Amazon, Google",Fresher classic,false,Shuffle that never plays the same artist twice in a row.
184,Design Twitter,design-twitter,https://leetcode.com/problems/design-twitter/,Heap,Design,Medium,Amazon,NeetCode 150,true,Building a news feed from the people you follow.
185,Flood Fill,flood-fill,https://leetcode.com/problems/flood-fill/,Graphs,Graphs,Easy,"Amazon, Google",Fresher classic,false,The paint-bucket tool in MS Paint and Photoshop.
186,Number of Islands,number-of-islands,https://leetcode.com/problems/number-of-islands/,Graphs,Graphs,Medium,"Amazon, Microsoft, Google, Meta","Blind 75, NeetCode 150, Striver SDE",false,Maps count separate land areas in a satellite image.
187,Max Area of Island,max-area-of-island,https://leetcode.com/problems/max-area-of-island/,Graphs,Graphs,Medium,Amazon,NeetCode 150,false,Finding the biggest connected region on a map.
188,Clone Graph,clone-graph,https://leetcode.com/problems/clone-graph/,Graphs,Graphs,Medium,"Meta, Amazon, Google","Blind 75, NeetCode 150, Striver SDE",false,Copying a social network or game map with all its links.
189,Rotting Oranges,rotting-oranges,https://leetcode.com/problems/rotting-oranges/,Graphs,Graphs,Medium,"Amazon, Microsoft","NeetCode 150, Striver SDE",false,Modelling how a virus or a rumour spreads minute by minute.
190,Pacific Atlantic Water Flow,pacific-atlantic-water-flow,https://leetcode.com/problems/pacific-atlantic-water-flow/,Graphs,Graphs,Medium,"Google, Amazon","Blind 75, NeetCode 150",false,Rainfall models trace where water flows on a terrain.
191,Surrounded Regions,surrounded-regions,https://leetcode.com/problems/surrounded-regions/,Graphs,Graphs,Medium,"Google, Amazon",NeetCode 150,false,The board game Go captures surrounded stones this way.
192,01 Matrix,01-matrix,https://leetcode.com/problems/01-matrix/,Graphs,Graphs,Medium,Google,Striver SDE,false,Finding each house's distance to the nearest hospital.
193,Course Schedule,course-schedule,https://leetcode.com/problems/course-schedule/,Graphs,Graphs,Medium,"Amazon, Meta","Blind 75, NeetCode 150, Striver SDE",false,College portals check that courses with prerequisites can all be finished.
194,Course Schedule II,course-schedule-ii,https://leetcode.com/problems/course-schedule-ii/,Graphs,Graphs,Medium,"Amazon, Meta","NeetCode 150, Striver SDE",false,npm and pip decide the order to install packages (topological sort).
195,Find Eventual Safe States,find-eventual-safe-states,https://leetcode.com/problems/find-eventual-safe-states/,Graphs,Graphs,Medium,Google,Striver SDE,false,Finding tasks that can never get stuck in a loop.
196,Number of Provinces,number-of-provinces,https://leetcode.com/problems/number-of-provinces/,Graphs,Graphs,Medium,"Amazon, Google",Striver SDE,false,Finding separate friend groups in a social network.
197,Redundant Connection,redundant-connection,https://leetcode.com/problems/redundant-connection/,Graphs,Graphs,Medium,"Google, Amazon",NeetCode 150,false,Finding the extra cable that creates a loop in a network (Union-Find).
198,Accounts Merge,accounts-merge,https://leetcode.com/problems/accounts-merge/,Graphs,Graphs,Medium,"Meta, Amazon, Google",Striver SDE,false,Merging duplicate user accounts that share an email.
199,Is Graph Bipartite?,is-graph-bipartite,https://leetcode.com/problems/is-graph-bipartite/,Graphs,Graphs,Medium,Meta,Striver SDE,false,Splitting people into two teams so no two rivals are together.
200,Find the Town Judge,find-the-town-judge,https://leetcode.com/problems/find-the-town-judge/,Graphs,Graphs,Easy,Amazon,Fresher classic,false,"Finding the account everyone follows but who follows no one, like a celebrity."
201,Keys and Rooms,keys-and-rooms,https://leetcode.com/problems/keys-and-rooms/,Graphs,Graphs,Medium,Amazon,Fresher classic,false,Checking every page of a website can be reached from the home page.
202,Word Ladder,word-ladder,https://leetcode.com/problems/word-ladder/,Graphs,Graphs,Hard,"Amazon, Meta","NeetCode 150, Striver SDE",false,Word games that change one letter at a time; BFS finds the shortest path.
203,Shortest Path in Binary Matrix,shortest-path-in-binary-matrix,https://leetcode.com/problems/shortest-path-in-binary-matrix/,Graphs,Graphs,Medium,"Amazon, Meta",Striver SDE,false,Game characters or robots finding the shortest path on a grid.
204,Snakes and Ladders,snakes-and-ladders,https://leetcode.com/problems/snakes-and-ladders/,Graphs,Graphs,Medium,Amazon,Fresher classic,false,Fewest dice rolls needed to win the board game.
205,Open the Lock,open-the-lock,https://leetcode.com/problems/open-the-lock/,Graphs,Graphs,Medium,Amazon,Fresher classic,false,Fewest turns needed to open a combination lock.
206,Network Delay Time,network-delay-time,https://leetcode.com/problems/network-delay-time/,Graphs,Graphs,Medium,"Amazon, Google","NeetCode 150, Striver SDE",false,Google Maps-style fastest time from one place to everywhere (Dijkstra).
207,Path With Minimum Effort,path-with-minimum-effort,https://leetcode.com/problems/path-with-minimum-effort/,Graphs,Graphs,Medium,Google,Striver SDE,false,Hiking apps find the route with the gentlest climbs.
208,Cheapest Flights Within K Stops,cheapest-flights-within-k-stops,https://leetcode.com/problems/cheapest-flights-within-k-stops/,Graphs,Graphs,Medium,Amazon,"NeetCode 150, Striver SDE",false,Travel sites like MakeMyTrip finding the cheapest flight with at most k stops.
209,Min Cost to Connect All Points,min-cost-to-connect-all-points,https://leetcode.com/problems/min-cost-to-connect-all-points/,Graphs,Graphs,Medium,Amazon,"NeetCode 150, Striver SDE",false,Laying the least cable to connect every building (minimum spanning tree).
210,Evaluate Division,evaluate-division,https://leetcode.com/problems/evaluate-division/,Graphs,Graphs,Medium,"Google, Amazon",Fresher classic,false,"Currency converters chain rates, like USD to EUR to INR."
211,Climbing Stairs,climbing-stairs,https://leetcode.com/problems/climbing-stairs/,DP,Basic DP,Easy,"Amazon, Google, Adobe","Blind 75, NeetCode 150, Fresher classic",false,Counting the ways to reach a goal in small steps.
212,Min Cost Climbing Stairs,min-cost-climbing-stairs,https://leetcode.com/problems/min-cost-climbing-stairs/,DP,Basic DP,Easy,Amazon,"NeetCode 150, Fresher classic",false,Choosing the cheapest way through a series of steps.
213,House Robber,house-robber,https://leetcode.com/problems/house-robber/,DP,Basic DP,Medium,"Amazon, Google","Blind 75, NeetCode 150, Striver SDE",false,Picking non-adjacent ad slots to earn the most money.
214,House Robber II,house-robber-ii,https://leetcode.com/problems/house-robber-ii/,DP,Basic DP,Medium,Amazon,"Blind 75, NeetCode 150",false,"Same as House Robber, but the slots form a circle."
215,Coin Change,coin-change,https://leetcode.com/problems/coin-change/,DP,Basic DP,Medium,"Amazon, Google","Blind 75, NeetCode 150, Striver SDE",false,ATMs and cash counters give an amount using the fewest notes.
216,Coin Change II,coin-change-ii,https://leetcode.com/problems/coin-change-ii/,DP,Basic DP,Medium,Amazon,NeetCode 150,false,Counting the ways to pay an amount with given notes.
217,Longest Increasing Subsequence,longest-increasing-subsequence,https://leetcode.com/problems/longest-increasing-subsequence/,DP,Basic DP,Medium,"Amazon, Microsoft, Google","Blind 75, NeetCode 150, Striver SDE",false,Finding the longest growth streak in prices or test scores.
218,Longest Common Subsequence,longest-common-subsequence,https://leetcode.com/problems/longest-common-subsequence/,DP,Basic DP,Medium,"Amazon, Google","Blind 75, NeetCode 150, Striver SDE",false,'git diff' and plagiarism checkers find shared text this way.
219,Edit Distance,edit-distance,https://leetcode.com/problems/edit-distance/,DP,Basic DP,Medium,"Amazon, Google","NeetCode 150, Striver SDE",false,Spell checkers and Google's 'Did you mean?' suggestions.
220,Word Break,word-break,https://leetcode.com/problems/word-break/,DP,Basic DP,Medium,"Amazon, Google, Meta","Blind 75, NeetCode 150, Striver SDE",false,Splitting hashtags like #iloveindia into separate words.
221,Unique Paths,unique-paths,https://leetcode.com/problems/unique-paths/,DP,Basic DP,Medium,"Amazon, Google","Blind 75, NeetCode 150, Striver SDE",false,Counting the routes across a city grid.
222,Unique Paths II,unique-paths-ii,https://leetcode.com/problems/unique-paths-ii/,DP,Basic DP,Medium,Amazon,Fresher classic,false,Counting routes on a grid with road blocks.
223,Minimum Path Sum,minimum-path-sum,https://leetcode.com/problems/minimum-path-sum/,DP,Basic DP,Medium,"Amazon, Google",Striver SDE,false,Finding the cheapest route across a grid of tolls.
224,Triangle,triangle,https://leetcode.com/problems/triangle/,DP,Basic DP,Medium,Amazon,Striver SDE,false,Cheapest path down a pyramid of costs.
225,Decode Ways,decode-ways,https://leetcode.com/problems/decode-ways/,DP,Basic DP,Medium,"Meta, Amazon","Blind 75, NeetCode 150",false,Decoding numeric codes back into letters.
226,Partition Equal Subset Sum,partition-equal-subset-sum,https://leetcode.com/problems/partition-equal-subset-sum/,DP,Basic DP,Medium,Amazon,"NeetCode 150, Striver SDE",false,Splitting a bill or a workload into two equal halves.
227,Target Sum,target-sum,https://leetcode.com/problems/target-sum/,DP,Basic DP,Medium,Meta,NeetCode 150,false,Choosing + and - signs to reach an exact budget.
228,Best Time to Buy and Sell Stock II,best-time-to-buy-and-sell-stock-ii,https://leetcode.com/problems/best-time-to-buy-and-sell-stock-ii/,DP,Basic DP,Medium,Amazon,Striver SDE,false,Total profit from many trades over time.
229,Best Time to Buy and Sell Stock with Cooldown,best-time-to-buy-and-sell-stock-with-cooldown,https://leetcode.com/problems/best-time-to-buy-and-sell-stock-with-cooldown/,DP,Basic DP,Medium,Amazon,NeetCode 150,false,Trading with a rest day after every sale.
230,Longest Palindromic Subsequence,longest-palindromic-subsequence,https://leetcode.com/problems/longest-palindromic-subsequence/,DP,Basic DP,Medium,Amazon,Striver SDE,false,DNA analysis for mirror-like patterns.
231,Maximal Square,maximal-square,https://leetcode.com/problems/maximal-square/,DP,Basic DP,Medium,"Amazon, Google",Fresher classic,false,Finding the biggest empty square plot on a map.
232,0 - 1 Knapsack Problem,0-1-knapsack,https://www.geeksforgeeks.org/problems/0-1-knapsack-problem0945/1,DP,Basic DP,Medium,"Amazon, Microsoft, Flipkart","Striver SDE, Fresher classic",false,"Packing a bag for the most value within a weight limit, like fitting items in a box."
233,Wildcard Matching,wildcard-matching,https://leetcode.com/problems/wildcard-matching/,DP,Basic DP,Hard,"Amazon, Google",Striver SDE,false,File search like *.pdf matches names with wildcards.
234,Regular Expression Matching,regular-expression-matching,https://leetcode.com/problems/regular-expression-matching/,DP,Basic DP,Hard,"Amazon, Google, Meta",NeetCode 150,false,How regex engines match patterns in text.
235,Design HashMap,design-hashmap,https://leetcode.com/problems/design-hashmap/,Hashing,Design,Easy,"Amazon, Microsoft",Fresher classic,true,How Python's dict and Java's HashMap work inside.
236,Design HashSet,design-hashset,https://leetcode.com/problems/design-hashset/,Hashing,Design,Easy,"Microsoft, Amazon",Fresher classic,true,"How sets remove duplicates, like counting unique visitors."
237,LRU Cache,lru-cache,https://leetcode.com/problems/lru-cache/,Hashing,Design,Medium,"Amazon, Microsoft, Meta, Google, Bloomberg","NeetCode 150, Striver SDE, Fresher classic",true,Browsers and Instagram keep recent images and drop the least recently used. Redis has LRU eviction.
238,LFU Cache,lfu-cache,https://leetcode.com/problems/lfu-cache/,Hashing,Design,Hard,"Amazon, Google",Striver SDE,true,CDNs keep the most popular files and drop the rarely used ones.
239,Insert Delete GetRandom O(1),insert-delete-getrandom-o1,https://leetcode.com/problems/insert-delete-getrandom-o1/,Hashing,Design,Medium,"Amazon, Google, Meta",Fresher classic,true,'Surprise me' features that pick a random item instantly.
240,Time Based Key-Value Store,time-based-key-value-store,https://leetcode.com/problems/time-based-key-value-store/,Hashing,Design,Medium,"Amazon, Google",NeetCode 150,true,Google Docs version history: read a value as it was at a past time.
241,Design Browser History,design-browser-history,https://leetcode.com/problems/design-browser-history/,Stack / Queue,Design,Medium,Amazon,Fresher classic,true,Your browser's back and forward buttons.
242,Design Underground System,design-underground-system,https://leetcode.com/problems/design-underground-system/,Hashing,Design,Medium,"Amazon, Bloomberg",Fresher classic,true,Metro cards (like Delhi Metro) tracking average travel time between stations.
243,Design Parking System,design-parking-system,https://leetcode.com/problems/design-parking-system/,Arrays,Design,Easy,Amazon,Fresher classic,true,Mall parking apps tracking free slots by car size.
244,Snapshot Array,snapshot-array,https://leetcode.com/problems/snapshot-array/,Arrays,Design,Medium,Google,Fresher classic,true,"Saving cheap snapshots, like version history."
245,Stock Price Fluctuation,stock-price-fluctuation,https://leetcode.com/problems/stock-price-fluctuation/,Heap,Design,Medium,"Amazon, Google",Fresher classic,true,Trading apps updating and correcting live prices.
246,Seat Reservation Manager,seat-reservation-manager,https://leetcode.com/problems/seat-reservation-manager/,Heap,Design,Medium,Amazon,Fresher classic,true,BookMyShow giving out the lowest free seat number.
247,Number of 1 Bits,number-of-1-bits,https://leetcode.com/problems/number-of-1-bits/,Math,Bit Manipulation,Easy,"Amazon, Apple","Blind 75, NeetCode 150, Fresher classic",false,Network tools count set bits in subnet masks.
248,Counting Bits,counting-bits,https://leetcode.com/problems/counting-bits/,Math,Bit Manipulation,Easy,Amazon,"Blind 75, NeetCode 150",false,Counting set bits is used in error detection (Hamming weight).
249,Reverse Bits,reverse-bits,https://leetcode.com/problems/reverse-bits/,Math,Bit Manipulation,Easy,"Amazon, Apple","Blind 75, NeetCode 150",false,Bit reversal is a step in the Fast Fourier Transform (FFT).
250,Sum of Two Integers,sum-of-two-integers,https://leetcode.com/problems/sum-of-two-integers/,Math,Bit Manipulation,Medium,"Meta, Amazon","Blind 75, NeetCode 150",false,How the CPU's adder circuit adds numbers without '+'.
251,Power of Two,power-of-two,https://leetcode.com/problems/power-of-two/,Math,Bit Manipulation,Easy,"Amazon, Google",Fresher classic,false,Memory allocators check if sizes are powers of two.
252,Rearrange Array Elements by Sign,rearrange-array-elements-by-sign,https://leetcode.com/problems/rearrange-array-elements-by-sign/,Arrays,Two Pointers,Medium,Amazon,Striver SDE,false,"Alternating items in a feed, like one post then one ad."
253,Delete the Middle Node of a Linked List,delete-the-middle-node-of-a-linked-list,https://leetcode.com/problems/delete-the-middle-node-of-a-linked-list/,Linked List,Linked List,Medium,"Amazon, Microsoft",Striver SDE,false,Removing the middle item of a queue in one pass.
254,Largest Odd Number in String,largest-odd-number-in-string,https://leetcode.com/problems/largest-odd-number-in-string/,Strings,Strings,Easy,Amazon,"Striver SDE, Fresher classic",false,Reading the largest valid number out of a long ID string.
255,Frequency of the Most Frequent Element,frequency-of-the-most-frequent-element,https://leetcode.com/problems/frequency-of-the-most-frequent-element/,Arrays,Sliding Window,Medium,"Amazon, Google",Fresher classic,false,Making the most prices equal with a limited discount budget.
256,Check if Array Is Sorted and Rotated,check-if-array-is-sorted-and-rotated,https://leetcode.com/problems/check-if-array-is-sorted-and-rotated/,Arrays,Arrays,Easy,Amazon,"Striver SDE, Fresher classic",false,Checking that a circular log buffer is still in order.
257,Minimum Number of Days to Make m Bouquets,minimum-number-of-days-to-make-m-bouquets,https://leetcode.com/problems/minimum-number-of-days-to-make-m-bouquets/,Arrays,Binary Search,Medium,"Amazon, Google",Striver SDE,false,Finding the earliest day a florist can fill all orders.
258,Running Sum of 1d Array,running-sum-of-1d-array,https://leetcode.com/problems/running-sum-of-1d-array/,Arrays,Arrays,Easy,Amazon,Fresher classic,false,Bank statements show a running balance after each transaction.
259,Minimum Insertion Steps to Make a String Palindrome,minimum-insertion-steps-to-make-a-string-palindrome,https://leetcode.com/problems/minimum-insertion-steps-to-make-a-string-palindrome/,DP,Basic DP,Hard,"Amazon, Google",Striver SDE,false,Measuring how far a text is from reading the same both ways.
260,Find the Smallest Divisor Given a Threshold,find-the-smallest-divisor-given-a-threshold,https://leetcode.com/problems/find-the-smallest-divisor-given-a-threshold/,Arrays,Binary Search,Medium,"Google, Amazon",Striver SDE,false,Choosing the smallest batch size that keeps total work under a limit.
261,Remove Outermost Parentheses,remove-outermost-parentheses,https://leetcode.com/problems/remove-outermost-parentheses/,Strings,Stack / Queue,Easy,Amazon,"Striver SDE, Fresher classic",false,Code formatters strip extra outer brackets.
262,Minimum Add to Make Parentheses Valid,minimum-add-to-make-parentheses-valid,https://leetcode.com/problems/minimum-add-to-make-parentheses-valid/,Strings,Stack / Queue,Medium,"Amazon, Meta",Fresher classic,false,Code editors auto-insert missing closing brackets.
263,Sum of Subarray Minimums,sum-of-subarray-minimums,https://leetcode.com/problems/sum-of-subarray-minimums/,Stack / Queue,Stack / Queue,Medium,"Amazon, Google",Striver SDE,false,Risk tools add up the worst price in every possible time window.
264,Sort Array By Parity,sort-array-by-parity,https://leetcode.com/problems/sort-array-by-parity/,Arrays,Two Pointers,Easy,Amazon,Fresher classic,false,"Splitting items into two groups in place, like even and odd seats."
265,Transpose Matrix,transpose-matrix,https://leetcode.com/problems/transpose-matrix/,Matrix,Arrays,Easy,Amazon,Fresher classic,false,Excel's 'Paste Special > Transpose' swaps rows and columns.
266,Rotate String,rotate-string,https://leetcode.com/problems/rotate-string/,Strings,Strings,Easy,Amazon,"Striver SDE, Fresher classic",false,"Checking if two circular codes match, like a rotated lock code."
267,Repeated String Match,repeated-string-match,https://leetcode.com/problems/repeated-string-match/,Strings,Strings,Medium,Google,Striver SDE,false,Finding how many times a pattern must repeat to contain a word.
268,Valid Palindrome II,valid-palindrome-ii,https://leetcode.com/problems/valid-palindrome-ii/,Strings,Two Pointers,Easy,"Meta, Amazon",Fresher classic,false,Spell checkers that allow one typo.
269,Maximum Width of Binary Tree,maximum-width-of-binary-tree,https://leetcode.com/problems/maximum-width-of-binary-tree/,Trees,Trees,Medium,"Amazon, Google",Striver SDE,false,Finding the widest level of an org chart.
270,Delete Operation for Two Strings,delete-operation-for-two-strings,https://leetcode.com/problems/delete-operation-for-two-strings/,DP,Basic DP,Medium,Google,Striver SDE,false,Diff tools count how many edits two texts need to match.
271,Next Greater Element II,next-greater-element-ii,https://leetcode.com/problems/next-greater-element-ii/,Stack / Queue,Stack / Queue,Medium,Amazon,Striver SDE,false,The next higher price in circular data that wraps around.
272,Max Consecutive Ones,max-consecutive-ones,https://leetcode.com/problems/max-consecutive-ones/,Arrays,Arrays,Easy,"Amazon, Google","Striver SDE, Fresher classic",false,Finding your longest streak of active days.
273,First Unique Character in a String,first-unique-character-in-a-string,https://leetcode.com/problems/first-unique-character-in-a-string/,Strings,Hashing,Easy,"Amazon, Bloomberg",Fresher classic,false,Finding the first customer who visited only once.
274,Delete Node in a Linked List,delete-node-in-a-linked-list,https://leetcode.com/problems/delete-node-in-a-linked-list/,Linked List,Linked List,Medium,"Amazon, Microsoft","Striver SDE, Fresher classic",false,Removing an item when you only have a pointer to it.
275,Maximal Rectangle,maximal-rectangle,https://leetcode.com/problems/maximal-rectangle/,Matrix,Stack / Queue,Hard,"Amazon, Google",Striver SDE,false,Finding the biggest empty rectangle in a floor plan.
276,Search in Rotated Sorted Array II,search-in-rotated-sorted-array-ii,https://leetcode.com/problems/search-in-rotated-sorted-array-ii/,Arrays,Binary Search,Medium,Amazon,Striver SDE,false,"Same as rotated search, but with duplicate entries."
277,Divide Two Integers,divide-two-integers,https://leetcode.com/problems/divide-two-integers/,Math,Bit Manipulation,Medium,"Amazon, Microsoft",Striver SDE,false,How CPUs divide using shifts and subtraction.
278,Palindrome Number,palindrome-number,https://leetcode.com/problems/palindrome-number/,Math,Two Pointers,Easy,Amazon,Fresher classic,false,Checking number plates or dates like 12/02/2021 that read the same both ways.
